{"polyfill":["/polyfill-9238a5fdf6360dc5a847.js"],"app":["/app-d008ddedc07120ab0907.js"],"component---src-pages-404-js":["/component---src-pages-404-js-04860d28acea1f4ec177.js"],"component---src-pages-datenschutz-js":["/component---src-pages-datenschutz-js-997eff6b52c923f3d659.js"],"component---src-pages-dermabrasion-js":["/component---src-pages-dermabrasion-js-57de14660bdf157de70a.js"],"component---src-pages-impressum-js":["/component---src-pages-impressum-js-81d329bdbcd8d4f8af93.js"],"component---src-pages-index-js":["/component---src-pages-index-js-b0dedbb410fff4c03f10.js"],"component---src-pages-kontakt-js":["/component---src-pages-kontakt-js-acea7deb4cd55ecb02df.js"],"component---src-pages-kosmetik-js":["/component---src-pages-kosmetik-js-fa1eab1d85dcd195b779.js"],"component---src-pages-permanent-make-up-js":["/component---src-pages-permanent-make-up-js-fa88ce70ea1239ab35bf.js"]}