{"errors":[],"warnings":[],"namedChunkGroups":{"polyfill":{"chunks":[2,13],"assets":["webpack-runtime-084a9a29597fff4b3fd1.js","webpack-runtime-084a9a29597fff4b3fd1.js.map","polyfill-9238a5fdf6360dc5a847.js","polyfill-9238a5fdf6360dc5a847.js.map"],"children":{},"childAssets":{}},"app":{"chunks":[2,12,14,3],"assets":["webpack-runtime-084a9a29597fff4b3fd1.js","webpack-runtime-084a9a29597fff4b3fd1.js.map","framework-cd3e1e804d552fa282ef.js","framework-cd3e1e804d552fa282ef.js.map","styles.30a2c274c3ef368811fd.css","styles-e383b929d2d4095ae339.js","styles-e383b929d2d4095ae339.js.map","app-d008ddedc07120ab0907.js","app-d008ddedc07120ab0907.js.map"],"children":{},"childAssets":{}},"component---src-pages-404-js":{"chunks":[0,4],"assets":["commons-e426fbd685f0e1bdb599.js","commons-e426fbd685f0e1bdb599.js.map","component---src-pages-404-js-04860d28acea1f4ec177.js","component---src-pages-404-js-04860d28acea1f4ec177.js.map"],"children":{},"childAssets":{}},"component---src-pages-datenschutz-js":{"chunks":[0,5],"assets":["commons-e426fbd685f0e1bdb599.js","commons-e426fbd685f0e1bdb599.js.map","component---src-pages-datenschutz-js-997eff6b52c923f3d659.js","component---src-pages-datenschutz-js-997eff6b52c923f3d659.js.map"],"children":{},"childAssets":{}},"component---src-pages-dermabrasion-js":{"chunks":[0,1,6],"assets":["commons-e426fbd685f0e1bdb599.js","commons-e426fbd685f0e1bdb599.js.map","2809210cdb7483d301a9d6184afd21fde3b80d5e-d57e403f6b3df0c7cfb5.js","2809210cdb7483d301a9d6184afd21fde3b80d5e-d57e403f6b3df0c7cfb5.js.map","component---src-pages-dermabrasion-js-57de14660bdf157de70a.js","component---src-pages-dermabrasion-js-57de14660bdf157de70a.js.map"],"children":{},"childAssets":{}},"component---src-pages-impressum-js":{"chunks":[0,7],"assets":["commons-e426fbd685f0e1bdb599.js","commons-e426fbd685f0e1bdb599.js.map","component---src-pages-impressum-js-81d329bdbcd8d4f8af93.js","component---src-pages-impressum-js-81d329bdbcd8d4f8af93.js.map"],"children":{},"childAssets":{}},"component---src-pages-index-js":{"chunks":[0,1,8],"assets":["commons-e426fbd685f0e1bdb599.js","commons-e426fbd685f0e1bdb599.js.map","2809210cdb7483d301a9d6184afd21fde3b80d5e-d57e403f6b3df0c7cfb5.js","2809210cdb7483d301a9d6184afd21fde3b80d5e-d57e403f6b3df0c7cfb5.js.map","component---src-pages-index-js-b0dedbb410fff4c03f10.js","component---src-pages-index-js-b0dedbb410fff4c03f10.js.map"],"children":{},"childAssets":{}},"component---src-pages-kontakt-js":{"chunks":[0,9],"assets":["commons-e426fbd685f0e1bdb599.js","commons-e426fbd685f0e1bdb599.js.map","component---src-pages-kontakt-js-acea7deb4cd55ecb02df.js","component---src-pages-kontakt-js-acea7deb4cd55ecb02df.js.map"],"children":{},"childAssets":{}},"component---src-pages-kosmetik-js":{"chunks":[0,1,10],"assets":["commons-e426fbd685f0e1bdb599.js","commons-e426fbd685f0e1bdb599.js.map","2809210cdb7483d301a9d6184afd21fde3b80d5e-d57e403f6b3df0c7cfb5.js","2809210cdb7483d301a9d6184afd21fde3b80d5e-d57e403f6b3df0c7cfb5.js.map","component---src-pages-kosmetik-js-fa1eab1d85dcd195b779.js","component---src-pages-kosmetik-js-fa1eab1d85dcd195b779.js.map"],"children":{},"childAssets":{}},"component---src-pages-permanent-make-up-js":{"chunks":[0,1,11],"assets":["commons-e426fbd685f0e1bdb599.js","commons-e426fbd685f0e1bdb599.js.map","2809210cdb7483d301a9d6184afd21fde3b80d5e-d57e403f6b3df0c7cfb5.js","2809210cdb7483d301a9d6184afd21fde3b80d5e-d57e403f6b3df0c7cfb5.js.map","component---src-pages-permanent-make-up-js-fa88ce70ea1239ab35bf.js","component---src-pages-permanent-make-up-js-fa88ce70ea1239ab35bf.js.map"],"children":{},"childAssets":{}}},"assetsByChunkName":{"polyfill":["webpack-runtime-084a9a29597fff4b3fd1.js","polyfill-9238a5fdf6360dc5a847.js"],"app":["webpack-runtime-084a9a29597fff4b3fd1.js","framework-cd3e1e804d552fa282ef.js","styles.30a2c274c3ef368811fd.css","styles-e383b929d2d4095ae339.js","app-d008ddedc07120ab0907.js"],"component---src-pages-404-js":["commons-e426fbd685f0e1bdb599.js","component---src-pages-404-js-04860d28acea1f4ec177.js"],"component---src-pages-datenschutz-js":["commons-e426fbd685f0e1bdb599.js","component---src-pages-datenschutz-js-997eff6b52c923f3d659.js"],"component---src-pages-dermabrasion-js":["commons-e426fbd685f0e1bdb599.js","2809210cdb7483d301a9d6184afd21fde3b80d5e-d57e403f6b3df0c7cfb5.js","component---src-pages-dermabrasion-js-57de14660bdf157de70a.js"],"component---src-pages-impressum-js":["commons-e426fbd685f0e1bdb599.js","component---src-pages-impressum-js-81d329bdbcd8d4f8af93.js"],"component---src-pages-index-js":["commons-e426fbd685f0e1bdb599.js","2809210cdb7483d301a9d6184afd21fde3b80d5e-d57e403f6b3df0c7cfb5.js","component---src-pages-index-js-b0dedbb410fff4c03f10.js"],"component---src-pages-kontakt-js":["commons-e426fbd685f0e1bdb599.js","component---src-pages-kontakt-js-acea7deb4cd55ecb02df.js"],"component---src-pages-kosmetik-js":["commons-e426fbd685f0e1bdb599.js","2809210cdb7483d301a9d6184afd21fde3b80d5e-d57e403f6b3df0c7cfb5.js","component---src-pages-kosmetik-js-fa1eab1d85dcd195b779.js"],"component---src-pages-permanent-make-up-js":["commons-e426fbd685f0e1bdb599.js","2809210cdb7483d301a9d6184afd21fde3b80d5e-d57e403f6b3df0c7cfb5.js","component---src-pages-permanent-make-up-js-fa88ce70ea1239ab35bf.js"]}}